#Id	Chr	Start	End	SvType	SampleSize	ObservedGains	ObservedLosses	VariantFreqAll	CHB_size	CHB_Freq	JPT_size	JPT_Freq	CHS_size	CHS_Freq	CDX_size	CDX_Freq	KHV_size	KHV_Freq	CEU_size	CEU_Freq	TSI_size	TSI_Freq	FIN_size	FIN_Freq	GBR_size	GBR_Freq	IBS_size	IBS_Freq	YRI_size	YRI_Freq	LWK_size	LWK_Freq	GWD_size	GWD_Freq	MSL_size	MSL_Freq	ESN_size	ESN_Freq	ASW_size	ASW_Freq	ACB_size	ACB_Freq	MXL_size	MXL_Freq	PUR_size	PUR_Freq	CLM_size	CLM_Freq	PEL_size	PEL_Freq	GIH_size	GIH_Freq	PJL_size	PJL_Freq	BEB_size	BEB_Freq	STU_size	STU_Freq	ITU_size	ITU_Freq	EAS_size	EAS_Freq	EUR_size	EUR_Freq	AFR_size	AFR_Freq	AMR_size	AMR_Freq	SAS_size	SAS_Freq
esv3584976	1	668631	850204	DUP	2504	60	0	0.02396	103	0.1068	104	0.07692	105	0.13333	93	0.13978	99	0.10101	99	0	107	0	99	0.0101	91	0	107	0	108	0	99	0.0101	113	0	85	0	99	0	61	0.01639	96	0	64	0	104	0	94	0	85	0	103	0	96	0	86	0.01163	102	0	102	0	504	0.11111	503	0.00199	661	0.00303	347	0	489	0.00204
esv3584977;esv3584978	1	713045	755966	CNV	2504	202	3	0.08187	103	0.1068	104	0.09615	105	0.13333	93	0.13978	99	0.12121	99	0.08081	107	0.13084	99	0.07071	91	0.04396	107	0.09346	108	0.01852	99	0.0404	113	0.0885	85	0.02353	99	0.06061	61	0.11475	96	0.09375	64	0.04688	104	0.03846	94	0.08511	85	0.04706	103	0.14563	96	0.05208	86	0.10465	102	0.07843	102	0.05882	504	0.11905	503	0.08549	661	0.06051	347	0.05476	489	0.08793
esv3584979	1	738571	742020	DEL	2504	0	1	0.0004	103	0	104	0.00962	105	0	93	0	99	0	99	0	107	0	99	0	91	0	107	0	108	0	99	0	113	0	85	0	99	0	61	0	96	0	64	0	104	0	94	0	85	0	103	0	96	0	86	0	102	0	102	0	504	0.00198	503	0	661	0	347	0	489	0
esv3584980	1	766601	769112	DEL	2504	0	181	0.07228	103	0.21359	104	0.19231	105	0.14286	93	0.21505	99	0.12121	99	0	107	0	99	0.0101	91	0	107	0	108	0.03704	99	0.0303	113	0.0531	85	0.01176	99	0.0101	61	0	96	0.04167	64	0.15625	104	0.06731	94	0.14894	85	0.11765	103	0.06796	96	0.03125	86	0.06977	102	0.06863	102	0.07843	504	0.17659	503	0.00199	661	0.02874	347	0.11816	489	0.06339
